mode,thinking,concurrency,aggregate_tps,completed_requests,request_count,errors,capacity_limited_flag,effective_concurrency,max_running_reqs,ttft_p50_ms,itl_p50_ms,latency_p50_ms,user_tps_p50,accept_length,accept_rate,engine_steps_per_second,context_tokens,max_tokens,temperature,ignore_eos,reasoning_effort,disable_thinking
autoregressive,low,1,93.41966706342323,5,5,0,False,1.0,1,146.18622499983758,10.560651955033379,10949.603035998734,94.6911236406559,0.0,0.0,0.0,8192,1024,0.0,True,low,False
autoregressive,low,2,177.18489739312759,10,10,0,False,1.9,2,238.71667250023165,11.032468568914128,11524.691046999578,90.64154559757742,0.0,0.0,0.0,8192,1024,0.0,True,low,False
autoregressive,low,4,347.3461706571555,20,20,0,False,3.9,4,290.073250000205,11.21787795112382,11766.127753999172,89.14341949864368,0.0,0.0,0.0,8192,1024,0.0,True,low,False
autoregressive,low,8,671.1846525565378,40,40,0,False,7.4,8,346.1610365011438,11.5745949995112,12187.61948899919,86.39611149278707,0.0,0.0,0.0,8192,1024,0.0,True,low,False
autoregressive,low,16,1232.788239636201,80,80,0,False,15.5,16,585.7442850010557,12.416157493645272,13284.33731649966,80.54021555164657,0.0,0.0,0.0,8192,1024,0.0,True,low,False
autoregressive,low,32,2168.7766514373798,160,160,0,False,31.0,32,1101.6051619990321,13.665407188172276,15085.133194501395,73.17747552235973,0.0,0.0,0.0,8192,1024,0.0,True,low,False
autoregressive,low,64,3463.142621725543,320,320,0,False,63.5,64,2139.7680595000566,16.36132667888759,18912.663473000066,61.11973800335488,0.0,0.0,0.0,8192,1024,0.0,True,low,False
autoregressive,medium,1,93.45370728097211,5,5,0,False,1.0,1,149.80846600155928,10.560262707723489,10952.957216002687,94.6946139198438,0.0,0.0,0.0,8192,1024,0.0,True,medium,False
autoregressive,medium,2,177.07525103158497,10,10,0,False,1.9,2,242.22902200017415,11.03406032991245,11529.3778844989,90.62846950585903,0.0,0.0,0.0,8192,1024,0.0,True,medium,False
autoregressive,medium,4,347.1525738659982,20,20,0,False,3.9,4,294.4632625003578,11.217603706744715,11770.580839500326,89.14559884222513,0.0,0.0,0.0,8192,1024,0.0,True,medium,False
autoregressive,medium,8,671.0474094178948,40,40,0,False,7.4,8,348.45323100125825,11.573323477516643,12188.58399200144,86.40560353955655,0.0,0.0,0.0,8192,1024,0.0,True,medium,False
autoregressive,medium,16,1231.3513223961004,80,80,0,False,15.5,16,597.0833270002913,12.415779451123411,13297.95915449904,80.5426678275012,0.0,0.0,0.0,8192,1024,0.0,True,medium,False
autoregressive,medium,32,2166.0546417051237,160,160,0,False,31.0,32,1118.4639855000569,13.681718991203333,15114.155978501003,73.09023091314498,0.0,0.0,0.0,8192,1024,0.0,True,medium,False
autoregressive,medium,64,3465.382959540601,320,320,0,False,63.5,64,2134.7716540003603,16.36958396872098,18880.272977999994,61.088907446841915,0.0,0.0,0.0,8192,1024,0.0,True,medium,False
autoregressive,none,1,93.31894502105484,5,5,0,False,1.0,1,147.6705419991049,10.557789674485026,10947.633821000636,94.71679497619625,0.0,0.0,0.0,8192,1024,0.0,True,,True
autoregressive,none,2,176.94205472911213,10,10,0,False,1.9,2,239.3162954995205,11.031341564025622,11523.990624498765,90.650805776743,0.0,0.0,0.0,8192,1024,0.0,True,,True
autoregressive,none,4,347.73879081245155,20,20,0,False,3.8,4,290.07288650063856,11.211402446724117,11759.312829501141,89.19490712751087,0.0,0.0,0.0,8192,1024,0.0,True,,True
autoregressive,none,8,671.5450810088721,40,40,0,False,7.4,8,340.8004089997121,11.569198202344499,12177.655369499917,86.43641352768051,0.0,0.0,0.0,8192,1024,0.0,True,,True
autoregressive,none,16,1228.3748468439505,80,80,0,False,15.2,16,583.5717059999297,12.413144359238121,13278.59894300127,80.55976569250373,0.0,0.0,0.0,8192,1024,0.0,True,,True
autoregressive,none,32,2168.9246631200263,160,160,0,False,31.4,32,1099.43796799962,13.68192612218852,15101.935278500605,73.0891243855371,0.0,0.0,0.0,8192,1024,0.0,True,,True
autoregressive,none,64,3466.166995358039,320,320,0,False,63.5,64,2139.0509814991674,16.34727219648053,18860.855512000853,61.17228538076195,0.0,0.0,0.0,8192,1024,0.0,True,,True
autoregressive,xhigh,1,93.00311961457871,5,5,0,False,0.9,1,151.10042500236887,10.559141265884238,10953.0096410017,94.7046710352216,0.0,0.0,0.0,8192,1024,0.0,True,xhigh,False
autoregressive,xhigh,2,177.07224449276842,10,10,0,False,1.9,2,245.0270890003594,11.034509612903593,11533.323593499517,90.6247794505729,0.0,0.0,0.0,8192,1024,0.0,True,xhigh,False
autoregressive,xhigh,4,347.05655420907453,20,20,0,False,3.8,4,296.6436605001945,11.216679821601696,11771.108482000272,89.15294150444683,0.0,0.0,0.0,8192,1024,0.0,True,xhigh,False
autoregressive,xhigh,8,670.5835094076759,40,40,0,False,7.4,8,351.11637900081405,11.571333462853135,12189.974119999533,86.42046349653367,0.0,0.0,0.0,8192,1024,0.0,True,xhigh,False
autoregressive,xhigh,16,1231.4530277548727,80,80,0,False,15.5,16,582.3188760023186,12.428598600193185,13297.547276000842,80.45959421328337,0.0,0.0,0.0,8192,1024,0.0,True,xhigh,False
autoregressive,xhigh,32,2176.0812586806624,160,160,0,False,31.0,32,1098.543480002263,13.606739031280853,15021.488671500265,73.49299473869675,0.0,0.0,0.0,8192,1024,0.0,True,xhigh,False
autoregressive,xhigh,64,3461.869079726801,320,320,0,False,62.7,64,2154.3019954988267,16.29972469599287,18831.990933498673,61.35072945425715,0.0,0.0,0.0,8192,1024,0.0,True,xhigh,False
dflash1-community,low,1,123.80605190668885,5,5,0,False,0.9,1,154.0963540028315,7.895784679374697,8231.778021003265,126.64985693090033,1.575,0.19166666666666668,78.60701708361196,8192,1024,0.0,True,low,False
dflash1-community,low,2,241.78373997036852,10,10,0,False,1.9,2,210.72349950190983,8.005704469207615,8377.36463299916,124.91093126775752,1.6625,0.22083333333333333,145.4338285536051,8192,1024,0.0,True,low,False
dflash1-community,low,4,441.1699908437808,20,20,0,False,3.8,4,172.2114629992575,8.860454932550363,9229.270842499318,112.86102220832544,1.5625,0.1875,282.3487941400197,8192,1024,0.0,True,low,False
dflash1-community,low,8,816.1578693666413,40,40,0,False,7.5,8,303.3087024996348,9.443511307917953,10036.051954000868,105.89340996407094,1.5615141955835963,0.1871713985278654,522.6707971499501,8192,1024,0.0,True,low,False
dflash1-community,low,16,1427.8737047488908,80,80,0,False,15.2,16,317.5473965002311,10.752250170089868,11346.954882499631,93.0038360115719,1.6877133105802047,0.22923777019340158,846.0404357763904,8192,1024,0.0,True,low,False
dflash1-community,low,32,2212.31337984729,160,160,0,False,31.1,35,429.9368809988664,13.813982462365773,14627.943771500213,72.39042055573748,1.5,0.16666666666666666,1474.87558656486,8192,1024,0.0,True,low,False
dflash1-community,low,64,2953.8868221664998,320,320,0,True,56.3,62,1242.4923690014111,18.24343029276624,19940.82072600031,54.814253643686186,1.6660714285714286,0.2220238095238095,1772.9652951910393,8192,1024,0.0,True,low,False
dflash1-community,medium,1,129.49213452196517,5,5,0,False,0.9,1,154.87390300040715,7.560953861193784,7889.729703001649,132.25844494732996,2.225,0.4083333333333333,58.19871214470344,8192,1024,0.0,True,medium,False
dflash1-community,medium,2,244.6227105405391,10,10,0,False,1.9,2,166.65007699884882,7.951218415444901,8305.895425000926,125.77068728429371,1.5806451612903225,0.1935483870967742,154.76130666850432,8192,1024,0.0,True,medium,False
dflash1-community,medium,4,455.82669043850035,20,20,0,False,3.8,4,223.53907050091948,8.305657746334225,8722.21602100035,120.39995399774013,1.34,0.11333333333333333,340.1691719690301,8192,1024,0.0,True,medium,False
dflash1-community,medium,8,839.9176718177257,40,40,0,False,7.5,8,238.73793450002267,9.049497589932598,9535.489813501044,110.5037458958266,1.74375,0.24791666666666667,481.6732168130327,8192,1024,0.0,True,medium,False
dflash1-community,medium,16,1466.2123800667405,80,80,0,False,15.4,16,474.6358609991148,10.393759139295929,11010.68028500049,96.2117671990105,1.884375,0.2947916666666667,778.0894885926318,8192,1024,0.0,True,medium,False
dflash1-community,medium,32,2295.2163044946888,160,160,0,False,31.2,34,602.6991439994163,13.210001726295499,14354.794675498852,75.70021871502126,1.7264631043256997,0.24215436810856658,1329.432583148729,8192,1024,0.0,True,medium,False
dflash1-community,medium,64,3042.9015851615477,320,320,0,True,56.1,62,1480.8059500010131,17.43807023558119,19319.397429000674,57.345794946942405,1.4559471365638768,0.15198237885462554,2089.9808164347087,8192,1024,0.0,True,medium,False
dflash1-community,none,1,118.61583737927278,5,5,0,False,1.0,1,154.19858600216685,8.281577578689168,8626.828969001508,120.74994051535323,1.7,0.23333333333333334,69.77402198780752,8192,1024,0.0,True,,True
dflash1-community,none,2,242.8467968281087,10,10,0,False,1.9,2,167.349044500952,7.923013434506979,8271.670611500667,126.24270186237192,1.554054054054054,0.18468468468468469,156.26663448069604,8192,1024,0.0,True,,True
dflash1-community,none,4,449.8951828447475,20,20,0,False,3.8,4,223.84656550093496,8.52856969990098,8948.573368499638,117.25346179863361,1.56875,0.18958333333333333,286.78577392493867,8192,1024,0.0,True,,True
dflash1-community,none,8,799.6615570994544,40,40,0,False,7.5,8,224.99324199998227,9.553218274681981,9998.73603100059,104.67676796308479,1.6027397260273972,0.2009132420091324,498.93413391675364,8192,1024,0.0,True,,True
dflash1-community,none,16,1341.3587861947303,80,80,0,False,15.2,16,263.04697550040146,11.437645575758038,12209.170660498785,87.43061674499353,1.547008547008547,0.18233618233618235,867.0661767115107,8192,1024,0.0,True,,True
dflash1-community,none,32,2204.981016166172,160,160,0,False,31.4,40,665.009360998738,13.847505707231628,14918.992517001243,72.21531921861549,1.625,0.20833333333333334,1356.9113945637982,8192,1024,0.0,True,,True
dflash1-community,none,64,2936.6847269601967,320,320,0,True,57.2,64,1378.615155499574,18.48509240615844,20391.59864499925,54.09764682679463,1.6434782608695653,0.2144927536231884,1786.8716592614953,8192,1024,0.0,True,,True
dflash1-community,xhigh,1,119.47806005544722,5,5,0,False,0.9,1,156.13952999774483,8.156341484847742,8499.560180996923,122.60398879298118,1.4,0.13333333333333333,85.3414714681766,8192,1024,0.0,True,xhigh,False
dflash1-community,xhigh,2,221.55117841632278,10,10,0,False,2.0,2,248.1346165004652,8.754890545945292,9207.638036501521,114.22251144092836,1.45,0.15,152.79391614918814,8192,1024,0.0,True,xhigh,False
dflash1-community,xhigh,4,413.2872069592214,20,20,0,False,3.8,4,262.2329804999026,9.287985085531993,9720.480011499603,107.66727560297137,1.25,0.08333333333333333,330.62976556737715,8192,1024,0.0,True,xhigh,False
dflash1-community,xhigh,8,756.0791050899162,40,40,0,False,7.6,8,228.85762049918412,10.379708037634483,10830.391125500682,96.34397371802811,1.4182692307692308,0.13942307692307693,533.0998435888223,8192,1024,0.0,True,xhigh,False
dflash1-community,xhigh,16,1263.1749152916652,80,80,0,False,15.2,16,333.40914899963536,11.930203570380877,12693.130694000502,83.82088145715281,1.4853801169590644,0.1617933723196881,850.4051595073809,8192,1024,0.0,True,xhigh,False
dflash1-community,xhigh,32,2091.52608719732,160,160,0,False,30.4,32,323.88102050026646,14.337719048387754,15446.177487001478,69.74610095853808,1.3611111111111112,0.12037037037037036,1536.6314110021126,8192,1024,0.0,True,xhigh,False
dflash1-community,xhigh,64,2755.230981196293,320,320,0,True,56.0,63,1274.8283839991927,19.94277919892563,21335.2544115005,50.14346245490559,1.4972222222222222,0.16574074074074074,1840.2284846580067,8192,1024,0.0,True,xhigh,False
dflash2,low,1,265.75479573143923,5,5,0,False,0.9,1,151.92753299925243,3.5840941329416625,3818.497942000249,279.0105289950198,3.525,0.3607142857142857,75.39143141317425,8192,1024,0.0,True,low,False
dflash2,low,2,478.6801482040928,10,10,0,False,1.9,2,166.35279749880283,3.975715457477969,4233.404477999102,251.52705722911497,2.9625,0.28035714285714286,161.57979686214102,8192,1024,0.0,True,low,False
dflash2,low,4,892.9927315961262,20,20,0,False,3.7,4,213.08390800004418,4.260154079179279,4567.725844999586,234.73941750891683,3.5161290322580645,0.35944700460829493,253.97040990348543,8192,1024,0.0,True,low,False
dflash2,low,8,1423.5941694331607,40,40,0,False,7.0,8,224.8203184999511,5.022317030303822,5418.6540745004095,199.1183082467775,2.839080459770115,0.2627257799671593,501.42790583273273,8192,1024,0.0,True,low,False
dflash2,low,16,2467.7847624613228,80,80,0,False,14.8,16,253.78545500007021,5.993092951123471,6387.257280499398,166.85875031342903,3.049122807017544,0.29273182957393484,809.3425285402496,8192,1024,0.0,True,low,False
dflash2,low,32,3420.2317109688415,160,160,0,False,31.1,32,636.0194979997686,8.440483402248073,9407.260371999655,118.4766268136517,2.959697732997481,0.27995681899964014,1155.601692982664,8192,1024,0.0,True,low,False
dflash2,low,64,4606.066251521175,320,320,0,True,57.1,63,1390.009402501164,11.084584017106875,13028.119137999965,90.21538367788035,3.194642857142857,0.3135204081632653,1441.809447094387,8192,1024,0.0,True,low,False
dflash2,medium,1,252.30490489769196,5,5,0,False,0.8,1,152.2596960003284,3.77761666275765,4016.578949000177,264.7171720356619,4.05,0.4357142857142857,62.297507382146165,8192,1024,0.0,True,medium,False
dflash2,medium,2,530.1490553250352,10,10,0,False,1.8,2,166.73612849990604,3.2964518880745626,3538.43127250002,303.3578684148091,4.7875,0.5410714285714285,110.73609510705697,8192,1024,0.0,True,medium,False
dflash2,medium,4,959.4995838463764,20,20,0,False,3.6,4,201.67483000022912,3.694643957966616,3962.518773500051,270.6634917659511,4.258620689655173,0.46551724137931033,225.3075945874082,8192,1024,0.0,True,medium,False
dflash2,medium,8,1503.1623160169877,40,40,0,False,7.2,8,213.80256849988655,5.072728994135118,5411.093931000323,197.16196052023696,2.9602649006622515,0.2800378429517502,507.77966379992205,8192,1024,0.0,True,medium,False
dflash2,medium,16,2415.0148139395337,80,80,0,False,14.2,16,272.05949799918017,5.882243748778388,6607.601172500836,170.00315572290825,4.140625,0.4486607142857143,583.2488607250194,8192,1024,0.0,True,medium,False
dflash2,medium,32,3522.0813844434465,160,160,0,False,29.2,33,440.3906064990224,7.894814263930638,8431.158033000429,126.66955099406042,2.8440366972477062,0.2634338138925295,1238.409260981728,8192,1024,0.0,True,medium,False
dflash2,medium,64,4565.790313150689,320,320,0,True,58.5,63,1357.982286499464,12.581035708211136,14463.719913499517,79.48471203961728,3.463709677419355,0.3519585253456221,1318.1792755079987,8192,1024,0.0,True,medium,False
dflash2,none,1,242.985545027369,5,5,0,False,0.9,1,150.99194299909868,3.9308492668634463,4172.250743000404,254.39795120862846,3.4,0.34285714285714286,71.4663367727556,8192,1024,0.0,True,,True
dflash2,none,2,491.3843320801349,10,10,0,False,1.9,2,167.08144999938668,3.8419215146617822,4097.242406999612,260.31512036255833,3.85,0.40714285714285714,127.63229404678829,8192,1024,0.0,True,,True
dflash2,none,4,884.3294248959828,20,20,0,False,3.7,4,202.63887100009015,4.271057272238397,4590.297828000075,234.13406569627563,3.675,0.3821428571428571,240.63385711455317,8192,1024,0.0,True,,True
dflash2,none,8,1460.4774553917878,40,40,0,False,7.4,8,240.95370699978957,5.150267514173904,5481.0090890005085,194.16898972959768,4.056034482758621,0.43657635467980294,360.07520685536105,8192,1024,0.0,True,,True
dflash2,none,16,2539.909071523773,80,80,0,False,15.0,16,307.7682385001026,5.888180346039918,6408.954257500227,169.83175474221235,3.7280701754385963,0.38972431077694236,681.2932568322592,8192,1024,0.0,True,,True
dflash2,none,32,3524.7171170769516,160,160,0,False,30.7,32,732.2479180002119,8.397518887097128,9214.737464999416,119.08279263959773,3.8306288032454363,0.4043755433207766,920.1406082705518,8192,1024,0.0,True,,True
dflash2,none,64,4259.400715822306,320,320,0,True,57.7,63,1408.0254660002538,12.557896484849618,14368.065860499883,79.63117082004734,3.783333333333333,0.3976190476190476,1125.8327883230766,8192,1024,0.0,True,,True
dflash2,xhigh,1,212.16230316508737,5,5,0,False,0.9,1,153.67090099971392,4.522907847506812,4779.966459000207,221.09670011323257,2.275,0.18214285714285713,93.25815523740104,8192,1024,0.0,True,xhigh,False
dflash2,xhigh,2,419.8626853282436,10,10,0,False,1.8,2,167.1423705010966,4.487150866568592,4756.803240999943,222.85856804814847,2.5875,0.22678571428571428,162.26577210753376,8192,1024,0.0,True,xhigh,False
dflash2,xhigh,4,725.844950946213,20,20,0,False,3.7,4,172.98940399996354,5.156214250244994,5481.763985500038,193.94106396233113,2.335570469798658,0.19079578139980824,310.77844164076356,8192,1024,0.0,True,xhigh,False
dflash2,xhigh,8,1165.2762527024227,40,40,0,False,7.6,8,218.46932299922628,6.513998440372596,6879.839044000619,153.5155418297943,2.273356401384083,0.1819080573405833,512.579660625571,8192,1024,0.0,True,xhigh,False
dflash2,xhigh,16,2138.395216413526,80,80,0,False,14.6,16,456.0614625006565,6.765218606060773,7342.003246500099,147.81515858317516,2.22,0.1742857142857143,963.2410884745613,8192,1024,0.0,True,xhigh,False
dflash2,xhigh,32,3011.4667263981933,160,160,0,False,30.5,32,526.3201599991589,9.552100305962064,10414.936996001416,104.68901799900374,2.656641604010025,0.23666308628714644,1133.5615319178105,8192,1024,0.0,True,xhigh,False
dflash2,xhigh,64,3888.9037747405473,320,320,0,True,57.8,63,1356.8957719999162,13.58255070967664,15301.8068174988,73.62387386629433,5.129166666666666,0.5898809523809524,758.1940746854033,8192,1024,0.0,True,xhigh,False
dspark,low,1,169.48331880220147,5,5,0,False,0.9,1,149.91679299782845,5.738045035187948,6020.600478001143,174.27538366597105,1.9,0.12857142857142856,89.20174673800078,8192,1024,0.0,True,low,False
dspark,low,2,320.15074450877904,10,10,0,False,1.9,2,168.61904349934775,6.0117559638307085,6313.535368497469,166.36409765521933,1.847457627118644,0.12106537530266344,173.2926048258529,8192,1024,0.0,True,low,False
dspark,low,4,592.9290398823729,20,20,0,False,3.8,4,245.0206960002106,6.430088228250051,6761.251526999331,155.52184488222238,2.00625,0.14375,295.5409544585036,8192,1024,0.0,True,low,False
dspark,low,8,1013.1822679455763,40,40,0,False,7.6,8,220.81679349867045,7.5645310738024545,7967.242818500381,132.1959021931179,2.148014440433213,0.16400206291903044,471.68317348054563,8192,1024,0.0,True,low,False
dspark,low,16,1675.505310058748,80,80,0,False,15.9,27,425.81239199716947,9.0001381383195,9688.4635134993,111.10950014619485,2.109433962264151,0.15849056603773584,794.2914260564726,8192,1024,0.0,True,low,False
dspark,low,32,2371.174828960979,160,160,0,False,31.2,34,555.4315075005434,12.671034046921413,13757.658741998966,78.92015728962285,2.1460573476702507,0.16372247823860728,1104.8981666473708,8192,1024,0.0,True,low,False
dspark,low,64,2830.8569207899072,320,320,0,True,58.0,63,1332.4420354983886,19.52897230058693,21581.30525050001,51.20597154933844,2.1675,0.1667857142857143,1306.0470222790807,8192,1024,0.0,True,low,False
dspark,medium,1,173.89193960044125,5,5,0,False,0.9,1,151.20614400075283,5.601744157382232,5881.98455499878,178.51582862493902,2.575,0.225,67.53085033026844,8192,1024,0.0,True,medium,False
dspark,medium,2,356.90999524212754,10,10,0,False,1.9,2,239.8383814997942,5.376514587000004,5742.081492500802,185.9959205325176,3.15,0.30714285714285716,113.30476039432621,8192,1024,0.0,True,medium,False
dspark,medium,4,552.007303252854,20,20,0,False,3.7,4,159.95367899813573,7.085274475563945,7407.731495501139,141.13779272758364,2.0,0.14285714285714285,276.003651626427,8192,1024,0.0,True,medium,False
dspark,medium,8,963.8894530223233,40,40,0,False,7.3,8,208.08458049941692,7.960621092863038,8456.33169050052,125.63608888105438,2.358695652173913,0.19409937888198758,408.6535929864228,8192,1024,0.0,True,medium,False
dspark,medium,16,1536.4513853331762,80,80,0,False,15.2,16,275.6471659995441,9.892280603618264,10563.501316000838,101.0889237902114,1.7270029673590503,0.10385756676557864,889.663431026255,8192,1024,0.0,True,medium,False
dspark,medium,32,2500.4597944028774,160,160,0,False,30.8,55,644.710924501851,11.070551184263689,12027.828931999466,90.32974246072297,2.9,0.2714285714285714,862.227515311337,8192,1024,0.0,True,medium,False
dspark,medium,64,2936.2969912886383,320,320,0,True,58.7,64,1431.6781514989998,20.05150517839565,22383.404482001424,49.87156780774036,2.718637992831541,0.24551971326164876,1080.0617805794727,8192,1024,0.0,True,medium,False
dspark,none,1,162.58041512721704,5,5,0,False,0.9,1,149.1630839991558,6.006248834798435,6293.555641997955,166.49326851166984,2.775,0.25357142857142856,58.58753698278092,8192,1024,0.0,True,,True
dspark,none,2,283.9197990087066,10,10,0,False,1.9,2,168.12881300029403,6.800181159823468,7124.518730499403,147.05843418186325,2.328125,0.18973214285714285,121.95212843326995,8192,1024,0.0,True,,True
dspark,none,4,523.4553579576095,20,20,0,False,3.8,4,158.95603999888408,7.515212887585598,7845.467578501484,133.0634311043702,1.9375,0.13392857142857142,270.17050733295974,8192,1024,0.0,True,,True
dspark,none,8,960.7047473789296,40,40,0,False,7.7,8,305.8920435014443,8.060337114371526,8518.473428501238,124.06428990882239,2.43125,0.2044642857142857,395.1484822124132,8192,1024,0.0,True,,True
dspark,none,16,1509.6926754983574,80,80,0,False,15.1,17,280.0254619996849,10.112392313784147,10723.45234649947,98.88856849882802,2.4005449591280654,0.20007785130400935,628.8958137433566,8192,1024,0.0,True,,True
dspark,none,32,2198.801029668569,160,160,0,False,30.8,32,466.2554299993644,13.711254941348207,14346.078910999495,72.93278494929558,2.44311377245509,0.20615911035072712,899.999441065321,8192,1024,0.0,True,,True
dspark,none,64,2629.9406278666306,320,320,0,True,57.2,63,1416.9040910001058,20.975488055718063,22765.385370499644,47.67469522116291,2.165,0.16642857142857143,1214.7531768437093,8192,1024,0.0,True,,True
dspark,xhigh,1,151.66931049227824,5,5,0,False,0.9,1,152.44154399988474,6.416747376342604,6717.679695997504,155.84219564055468,1.825,0.11785714285714285,83.10647150261822,8192,1024,0.0,True,xhigh,False
dspark,xhigh,2,276.30373300944063,10,10,0,False,1.9,2,169.0180399982637,7.117608400294699,7488.342938999267,140.4968216798855,2.7457627118644066,0.24939467312348668,100.62913733059875,8192,1024,0.0,True,xhigh,False
dspark,xhigh,4,509.85701235625294,20,20,0,False,3.7,4,160.03066600023885,7.62135622091826,7956.487246001416,131.21024287639986,2.8676470588235294,0.2668067226890756,177.79629148833436,8192,1024,0.0,True,xhigh,False
dspark,xhigh,8,880.8589240366231,40,40,0,False,7.4,8,210.7104070000787,8.751171467741019,9161.300985999333,114.27052424294078,1.992,0.1417142857142857,442.1982550384654,8192,1024,0.0,True,xhigh,False
dspark,xhigh,16,1474.090596790398,80,80,0,False,15.3,16,266.1952364996978,10.285815593841532,11045.851697999751,97.22133191587338,1.7627737226277371,0.10896767466110532,836.2335890695011,8192,1024,0.0,True,xhigh,False
dspark,xhigh,32,2215.4321803474013,160,160,0,False,30.2,32,878.4520139997767,12.842354731670277,14007.296752999537,77.86733985812523,1.7596153846153846,0.10851648351648352,1259.0434248968838,8192,1024,0.0,True,xhigh,False
dspark,xhigh,64,2544.1370661443425,320,320,0,True,57.5,63,1308.9232065012766,22.222869184260432,24330.132127999605,44.99868994034557,2.2569832402234637,0.17956903431763768,1127.2290466332606,8192,1024,0.0,True,xhigh,False
mtp,low,1,214.66765679061325,5,5,0,False,0.9,1,154.14287900057388,4.481131031278877,4738.339923998865,223.15794673707825,2.675,0.5583333333333333,80.24959132359375,8192,1024,0.0,True,low,False
mtp,low,2,412.0211856716443,10,10,0,False,1.9,2,173.01977849820105,4.5949777639318645,4912.283713998477,217.73476669485694,2.925,0.6416666666666667,140.86194381936556,8192,1024,0.0,True,low,False
mtp,low,4,760.8966859771805,20,20,0,False,3.8,4,219.55479649841436,4.998983148582535,5321.921370501514,200.04845337950547,2.6625,0.5541666666666667,285.78279285527907,8192,1024,0.0,True,low,False
mtp,low,8,1422.9924117264961,40,40,0,False,7.6,10,357.32950149940734,5.234935375367898,5713.072040500265,191.02432568847553,2.5875,0.5291666666666667,549.9487581551676,8192,1024,0.0,True,low,False
mtp,low,16,2330.9542268426435,80,80,0,False,15.6,20,362.26066699964576,6.451879797654077,6954.5537425001385,154.9936111389771,2.625,0.5416666666666666,887.9825626067213,8192,1024,0.0,True,low,False
mtp,low,32,3637.2137926255677,160,160,0,False,31.0,32,617.8042194987938,8.134653579180407,8783.959925500312,122.9308658425973,2.7234375,0.5744791666666667,1335.5231367070357,8192,1024,0.0,True,low,False
mtp,low,64,5051.45993370818,320,320,0,False,62.9,64,1167.2027769982378,11.289800679373347,12662.963237999065,88.57911834849111,2.759375,0.5864583333333333,1830.653656609986,8192,1024,0.0,True,low,False
mtp,medium,1,201.91337537672854,5,5,0,False,0.9,1,152.907839998079,4.768500650047778,5034.141591000662,209.70952368224602,2.525,0.5083333333333333,79.96569321850636,8192,1024,0.0,True,medium,False
mtp,medium,2,399.64166392466774,10,10,0,False,1.8,2,171.81795000033162,4.747339722385183,5062.889164000808,210.70326039734303,2.3,0.43333333333333335,173.75724518463815,8192,1024,0.0,True,medium,False
mtp,medium,4,775.1932874286604,20,20,0,False,3.7,4,252.72703449809342,4.833627857772494,5213.846450998972,206.88394603615527,3.09375,0.6979166666666666,250.567527249668,8192,1024,0.0,True,medium,False
mtp,medium,8,1381.4630578789984,40,40,0,False,7.2,8,256.56308500219893,5.183932147115081,5533.788155998991,192.90469133149276,2.89375,0.63125,477.39544116768843,8192,1024,0.0,True,medium,False
mtp,medium,16,2199.2209512669724,80,80,0,False,14.7,16,265.07997649787285,6.6909734095803355,7315.69995800055,149.4550855328714,2.4452296819787986,0.4817432273262662,899.3923832493543,8192,1024,0.0,True,medium,False
mtp,medium,32,3622.2476735877112,160,160,0,False,30.0,35,376.7291550011578,7.895174337243842,8743.474885499381,126.65964776828609,2.4453781512605044,0.48179271708683474,1481.2627943537375,8192,1024,0.0,True,medium,False
mtp,medium,64,5399.188300303254,320,320,0,False,58.7,64,2154.9876170010975,9.37149466519929,11760.848000998521,106.70656452992742,2.8,0.6,1928.281535822591,8192,1024,0.0,True,medium,False
mtp,none,1,197.53452164218834,5,5,0,False,0.9,1,151.85890900102095,4.910626115348191,5175.390972999594,203.6400199303494,2.45,0.48333333333333334,80.62633536415849,8192,1024,0.0,True,,True
mtp,none,2,387.75232743627754,10,10,0,False,2.0,2,207.83759499863663,4.868492684261561,5230.801540001266,205.41237681331262,3.0,0.6666666666666666,129.2507758120925,8192,1024,0.0,True,,True
mtp,none,4,732.7295286767611,20,20,0,False,3.8,4,270.96913999957906,5.089582195991773,5534.836245000406,196.48013921428213,2.95,0.65,248.38289107686816,8192,1024,0.0,True,,True
mtp,none,8,1286.2719967520131,40,40,0,False,7.3,8,252.30796200048644,5.852360914468412,6292.332418001024,170.87121158522322,2.9565217391304346,0.6521739130434783,435.06258713671036,8192,1024,0.0,True,,True
mtp,none,16,2173.353415989393,80,80,0,False,15.2,16,308.90736050059786,7.04014583675483,7561.420924999766,142.04256530170449,2.875,0.625,755.9490142571801,8192,1024,0.0,True,,True
mtp,none,32,3458.327631267723,160,160,0,False,30.6,35,627.5909510004567,8.441592752687772,9078.626937502122,118.46124134998843,3.0,0.6666666666666666,1152.775877089241,8192,1024,0.0,True,,True
mtp,none,64,4776.168572640825,320,320,0,True,62.3,64,1362.9039554998599,11.895328241447064,13798.192864000157,84.06661672479808,2.888942539835828,0.6296475132786093,1653.2584178404059,8192,1024,0.0,True,,True
mtp,xhigh,1,186.8642232832057,5,5,0,False,0.9,1,156.51109000100405,5.145429595307454,5420.92939199938,194.34723213625998,2.65,0.55,70.51480123894555,8192,1024,0.0,True,xhigh,False
mtp,xhigh,2,350.92795835989034,10,10,0,False,1.9,2,172.2053115008748,5.486642428153846,5782.375381002566,182.2655250607255,2.378787878787879,0.4595959595959596,147.5238551067055,8192,1024,0.0,True,xhigh,False
mtp,xhigh,4,688.4837168131609,20,20,0,False,3.6,4,175.30040599922359,5.435498122189221,5729.099517000577,183.9757791399698,2.7758620689655173,0.5919540229885057,248.02518990784677,8192,1024,0.0,True,xhigh,False
mtp,xhigh,8,1227.7916658668162,40,40,0,False,7.6,8,251.74792000143498,6.147657922286903,6554.972503499812,162.6635724777894,2.5742574257425743,0.5247524752475248,476.9498394328786,8192,1024,0.0,True,xhigh,False
mtp,xhigh,16,1997.7988424529087,80,80,0,False,14.7,16,339.01538900136075,7.10987101172956,7743.543256499834,140.65078398656334,2.4343434343434343,0.4781144781144781,820.6725535387468,8192,1024,0.0,True,xhigh,False
mtp,xhigh,32,3270.55507733096,160,160,0,False,30.4,34,438.71948000196426,9.138301282992218,10015.677219498684,109.42955294336406,2.5057471264367814,0.5019157088122606,1305.2215216871264,8192,1024,0.0,True,xhigh,False
mtp,xhigh,64,4503.477527940272,320,320,0,True,59.7,64,1684.7505405003176,11.680251348975139,13630.32797049891,85.61459597803346,2.3230769230769233,0.441025641025641,1938.5830418285937,8192,1024,0.0,True,xhigh,False
huginn-fp8-autoregressive,xhigh,1,108.02686804850417,5,5,0,False,1.0,1,77.99368200358003,9.185921374398541,9475.191248013289,108.86224247325175,0.0,0.0,0.0,8192,1024,0.0,True,xhigh,False
huginn-fp8-autoregressive,xhigh,2,211.6086584730124,10,10,0,False,2.0,2,143.8327134892461,9.29032085093106,9644.696356997883,107.63891860873213,0.0,0.0,0.0,8192,1024,0.0,True,xhigh,False
huginn-fp8-autoregressive,xhigh,4,416.5842558641841,20,20,0,False,3.9,4,143.90275299956556,9.439387197949879,9800.352260004729,105.93908047529695,0.0,0.0,0.0,8192,1024,0.0,True,xhigh,False
huginn-fp8-autoregressive,xhigh,8,796.0040933283188,40,40,0,False,7.8,8,213.87752449663822,9.820240782986337,10260.492813009478,101.83049704163159,0.0,0.0,0.0,8192,1024,0.0,True,xhigh,False
huginn-fp8-autoregressive,xhigh,16,1447.8030778735306,80,80,0,False,15.6,16,276.4941905043088,10.796343532749583,11295.656800502911,92.62395152309612,0.0,0.0,0.0,8192,1024,0.0,True,xhigh,False
huginn-fp8-autoregressive,xhigh,32,2520.009086014263,160,160,0,False,30.8,32,293.7837209974532,12.36071195259522,12937.540658502257,80.9014888333464,0.0,0.0,0.0,8192,1024,0.0,True,xhigh,False
huginn-fp8-autoregressive,xhigh,64,3912.1371590612835,320,320,0,False,62.3,64,300.0229070021305,16.015239370472624,16687.614202492114,62.44052785397406,0.0,0.0,0.0,8192,1024,0.0,True,xhigh,False
huginn-fp8-autoregressive,xhigh,128,5494.404960484674,640,640,0,False,124.5,128,386.1724495072849,22.82669613293631,23736.51540299761,43.808354664082245,0.0,0.0,0.0,8192,1024,0.0,True,xhigh,False
huginn-nvfp4-autoregressive,xhigh,1,107.41583412075992,5,5,0,False,1.0,1,87.76588000182528,9.192521924725146,9491.71580899565,108.78407559848162,0.0,0.0,0.0,8192,1024,0.0,True,xhigh,False
huginn-nvfp4-autoregressive,xhigh,2,211.43018747835924,10,10,0,False,1.9,2,152.9220014999737,9.272058332845727,9635.901006004133,107.85092420610994,0.0,0.0,0.0,8192,1024,0.0,True,xhigh,False
huginn-nvfp4-autoregressive,xhigh,4,414.4493853982426,20,20,0,False,4,4,214.38572699844372,9.400713217505828,9831.832034993568,106.37490761412735,0.0,0.0,0.0,8192,1024,0.0,True,xhigh,False
huginn-nvfp4-autoregressive,xhigh,8,780.6450288991107,40,40,0,False,7.9,8,338.1712985064951,9.8757656725238,10443.233344994951,101.25797160050425,0.0,0.0,0.0,8192,1024,0.0,True,xhigh,False
huginn-nvfp4-autoregressive,xhigh,16,1357.0374448457612,80,80,0,False,15.4,16,620.6262554915156,11.173034606062258,12060.69421050779,89.50119956292585,0.0,0.0,0.0,8192,1024,0.0,True,xhigh,False
huginn-nvfp4-autoregressive,xhigh,32,2188.3478905684747,160,160,0,False,30.5,32,1240.1085905003129,13.386271978978089,14938.84457150125,74.70339774738221,0.0,0.0,0.0,8192,1024,0.0,True,xhigh,False
huginn-nvfp4-autoregressive,xhigh,64,2934.870335099881,320,320,0,False,59.1,64,2236.619947500003,19.61244843890218,22286.12176849856,50.98802442333297,0.0,0.0,0.0,8192,1024,0.0,True,xhigh,False
huginn-nvfp4-autoregressive,xhigh,128,3607.3553303871195,640,640,0,False,117.2,128,4497.0536709952285,31.004215219937585,36246.46588250471,32.253678827423,0.0,0.0,0.0,8192,1024,0.0,True,xhigh,False
autoregressive,low,128,5058.066106689288,640,640,0,False,125.3,128,4221.096858505916,21.13428826930252,25877.011258497078,47.31647393364627,0.0,0.0,0.0,8192,1024,0.0,True,low,False
autoregressive,medium,128,5055.9517670694995,640,640,0,False,126.1,128,4276.379458497104,21.131564366561168,25869.001969993406,47.32257312622189,0.0,0.0,0.0,8192,1024,0.0,True,medium,False
autoregressive,none,128,5098.007362044645,640,640,0,False,125.8,128,4263.9581024996005,20.9300951392991,25662.272383495292,47.778091474626265,0.0,0.0,0.0,8192,1024,0.0,True,,True
autoregressive,xhigh,128,5054.215188752074,640,640,0,False,124.0,128,4266.281652497128,21.106658542524137,25883.970822505944,47.37841368833526,0.0,0.0,0.0,8192,1024,0.0,True,xhigh,False
dflash1-community,low,128,3699.0042379878546,640,640,0,True,117.9,127,1967.0325270053581,30.2895081231727,33865.55053600023,33.01473222786482,2.1704545454545454,0.39015151515151514,1704.2532614813153,8192,1024,0.0,True,low,False
dflash1-community,medium,128,3854.362451285401,640,640,0,True,118.1,127,1815.4459599900292,29.031741111430343,32148.556694002764,34.44505777876453,1.7625,0.25416666666666665,2186.8723127860435,8192,1024,0.0,True,medium,False
dflash1-community,none,128,3688.4603426002377,640,640,0,True,117.7,127,1684.7819925023941,30.242680580152552,33060.02435999835,33.06585199516327,1.5,0.16666666666666666,2458.973561733492,8192,1024,0.0,True,,True
dflash1-community,xhigh,128,3531.9652548446643,640,640,0,True,117.7,128,1564.3052114974125,32.127947821114844,34523.21651550301,31.125548558834964,1.3872679045092837,0.1290893015030946,2545.986426532387,8192,1024,0.0,True,xhigh,False
dflash2,low,128,4804.848706194472,640,640,0,True,82.4,89,4147.327618004056,16.674088759523954,21798.082879002322,59.97329235944051,4.725,0.5321428571428571,1016.8991970781951,8192,1024,0.0,True,low,False
dflash2,medium,128,4918.383295452108,640,640,0,True,83.3,89,4113.130774007004,16.494236577717636,20443.113481502223,60.62723762457996,2.9440476190476192,0.27772108843537413,1670.6194776303155,8192,1024,0.0,True,medium,False
dflash2,none,128,4916.550858005435,640,640,0,True,83.9,89,5600.021181999182,15.83460657868454,23065.044624498114,63.19384146100916,3.6,0.37142857142857144,1365.7085716681763,8192,1024,0.0,True,,True
dflash2,xhigh,128,4215.212633979741,640,640,0,True,82.7,89,4666.674575499201,19.200620257565596,25386.774806000176,52.08165083173779,3.225,0.31785714285714284,1307.0426772030205,8192,1024,0.0,True,xhigh,False
dspark,low,128,3263.484783857742,640,640,0,True,83.8,90,4170.290143003513,25.106766626089122,30290.44070400414,39.829899839178466,2.25,0.17857142857142858,1450.4376817145521,8192,1024,0.0,True,low,False
dspark,medium,128,3113.500325270858,640,640,0,True,84.9,90,10671.91731150524,25.08960344476546,38986.96061800001,39.85714649594383,1.775,0.11071428571428571,1754.084690293441,8192,1024,0.0,True,medium,False
dspark,none,128,2862.675368249027,640,640,0,True,85.5,90,4300.524778998806,29.148092200392224,34249.315007000405,34.30756267425778,2.0954545454545452,0.1564935064935065,1366.135750574373,8192,1024,0.0,True,,True
dspark,xhigh,128,2708.077328803083,640,640,0,True,84.3,90,5132.017971001915,30.888573220434946,36923.13925849885,32.374431569426385,1.6938775510204083,0.09912536443148688,1598.7444471247118,8192,1024,0.0,True,xhigh,False
mtp,low,128,6348.846097190364,640,640,0,False,123.1,128,2117.1022675043787,17.529672816227794,20654.354205500567,57.046130346093015,2.6470703125,0.5490234375,2398.4425601427483,8192,1024,0.0,True,low,False
mtp,medium,128,6151.600927122042,640,640,0,False,122.4,128,4028.9317530041444,16.811504799604986,21201.42270201177,59.48307494902417,2.812163839470418,0.604054613156806,2187.497343071057,8192,1024,0.0,True,medium,False
mtp,none,128,6241.026352173423,640,640,0,False,120.4,128,4155.634055990959,16.35084502395383,20873.87784900784,61.15891869670736,2.9952702702702703,0.6650900900900901,2083.6271150951197,8192,1024,0.0,True,,True
mtp,xhigh,128,5658.079954644903,640,640,0,True,125.3,128,3108.47123550775,19.413322061094302,22912.44620749785,51.51101892158596,2.365985576923077,0.45532852564102566,2391.4262241628444,8192,1024,0.0,True,xhigh,False
benny-nvfp4-gguf-ar-gemini1,checkpoint-default,1,91.85881055102956,5,5,0,False,1,1,53.76932599756401,10.827598378304012,11130.184173998714,92.35658407904816,,,,8192,1024,0.0,True,,
benny-nvfp4-gguf-ar-gemini1,checkpoint-default,2,154.51072642446147,10,10,0,False,2,2,85.7752409974637,12.84627197556061,13229.835367001215,77.84359572701038,,,,8192,1024,0.0,True,,
benny-nvfp4-gguf-ar-gemini1,checkpoint-default,4,208.52575374779315,20,20,0,False,4,4,890.4920590030088,18.268004302053214,19582.038628999726,54.74051699712986,,,,8192,1024,0.0,True,,
benny-nvfp4-gguf-ar-gemini1,checkpoint-default,8,220.07081582251516,40,40,0,False,8,8,9351.883538001857,27.078579733139428,37048.27681799725,36.92955870944223,,,,8192,1024,0.0,True,,
benny-nvfp4-gguf-ar-gemini1,checkpoint-default,16,196.66261775342974,80,80,0,False,16,16,33445.53893000193,48.35957903177127,82923.76528150271,20.678426488018722,,,,8192,1024,0.0,True,,
benny-nvfp4-gguf-ar-gemini1,checkpoint-default,32,161.1878630022317,160,160,0,False,32,32,117234.43603299893,80.62746572287374,199745.24931249834,12.40272146762156,,,,8192,1024,0.0,True,,
benny-nvfp4-gguf-ar-gemini1,checkpoint-default,64,225.70130487130777,320,320,0,False,64,64,129614.0361655016,147.66742793450916,280660.95549200324,6.771974117707385,,,,8192,1024,0.0,True,,
benny-nvfp4-gguf-ar-gemini1,checkpoint-default,128,153.59329570238071,640,640,0,False,128,128,511180.844606497,290.4124575444779,808223.5946795044,3.443378457161657,,,,8192,1024,0.0,True,,
benny-nvfp4-gguf-mtp2-gemini1,checkpoint-default,1,136.90230034758272,5,5,0,False,1,1,63.28088999725878,7.246684399803277,7476.639030996012,137.99414253877907,,,,8192,1024,0.0,True,,
benny-nvfp4-gguf-mtp2-gemini1,checkpoint-default,2,190.54580021709478,10,10,0,False,2,2,111.72731500118971,10.235485101664572,10609.634237509454,97.70197527360108,,,,8192,1024,0.0,True,,
benny-nvfp4-gguf-mtp2-gemini1,checkpoint-default,4,204.39844692579481,20,20,0,False,4,4,151.4169084985042,18.70213519257333,19624.813422000443,53.47000905776932,,,,8192,1024,0.0,True,,
benny-nvfp4-gguf-mtp2-gemini1,checkpoint-default,8,217.4149213505962,40,40,0,False,8,8,1290.7383619967732,33.53382450489211,37317.42835849582,29.820954879690127,,,,8192,1024,0.0,True,,
benny-nvfp4-gguf-mtp2-gemini1,checkpoint-default,16,203.11630508433984,80,80,0,False,16,16,4074.81883699802,68.15255000146186,76630.51511600497,14.673158102817727,,,,8192,1024,0.0,True,,
benny-nvfp4-gguf-mtp2-gemini1,checkpoint-default,32,159.8027102284859,160,160,0,False,32,32,6738.334655005019,173.81975001368946,193545.47738000838,5.753104633683307,,,,8192,1024,0.0,True,,
benny-nvfp4-gguf-mtp2-gemini1,checkpoint-default,64,121.44473874818718,320,320,0,False,64,64,10210.626165993745,442.8775912052846,496102.8211919984,2.257963268979805,,,,8192,1024,0.0,True,,
benny-nvfp4-gguf-mtp2-gemini1,checkpoint-default,128,240.09781429444666,640,640,0,False,128,128,1498.2310340055847,356.8044166740013,375150.87440049683,2.802655955907229,,,,8192,1024,0.0,True,,
benny-nvfp4-gguf-ar-gemini2,checkpoint-default,1,91.5134431250455,5,5,0,False,1,1,53.56383800972253,10.878856575763114,11182.86301101034,91.9214251089484,,,,8192,1024,0.0,True,,
benny-nvfp4-gguf-ar-gemini2,checkpoint-default,2,153.91274677207235,10,10,0,False,2,2,86.1670829981449,12.85607883186234,13241.842299503332,77.7842151631481,,,,8192,1024,0.0,True,,
benny-nvfp4-gguf-ar-gemini2,checkpoint-default,4,208.59603248274746,20,20,0,False,4,4,890.2451590038254,18.295646463343584,19607.99576199497,54.65781174031812,,,,8192,1024,0.0,True,,
benny-nvfp4-gguf-ar-gemini2,checkpoint-default,8,220.08039197538776,40,40,0,False,8,8,9377.707904001,27.07202681867446,37066.645368002355,36.93849770739915,,,,8192,1024,0.0,True,,
benny-nvfp4-gguf-ar-gemini2,checkpoint-default,16,197.73677425055573,80,80,0,False,16,16,32775.37725549337,48.40688216617481,82291.49326099287,20.65821956000086,,,,8192,1024,0.0,True,,
benny-nvfp4-gguf-ar-gemini2,checkpoint-default,32,161.69591793165358,160,160,0,False,32,32,117761.36646499799,80.600303420828,200211.62209750037,12.406901184740024,,,,8192,1024,0.0,True,,
benny-nvfp4-gguf-ar-gemini2,checkpoint-default,64,224.56470418501726,320,320,0,False,64,64,128942.22370650095,147.45428663490446,279782.4767849961,6.781762828476262,,,,8192,1024,0.0,True,,
benny-nvfp4-gguf-ar-gemini2,checkpoint-default,128,152.0433007775977,640,640,0,False,128,128,517404.7803360081,291.94893600586556,816056.929610997,3.425256531778998,,,,8192,1024,0.0,True,,
benny-nvfp4-gguf-mtp2-gemini2,checkpoint-default,1,133.30941398278677,5,5,0,False,1,1,63.25547900632955,7.422584159335464,7656.559074006509,134.72396924490096,,,,8192,1024,0.0,True,,
benny-nvfp4-gguf-mtp2-gemini2,checkpoint-default,2,187.08052382007244,10,10,0,False,2,2,113.15579800429987,10.385164725807877,10736.759245999565,96.29129550981595,,,,8192,1024,0.0,True,,
benny-nvfp4-gguf-mtp2-gemini2,checkpoint-default,4,197.91881704793155,20,20,0,False,4,4,151.29365350003354,19.58056354496315,20277.92423100618,51.071063753651195,,,,8192,1024,0.0,True,,
benny-nvfp4-gguf-mtp2-gemini2,checkpoint-default,8,212.59761609861806,40,40,0,False,8,8,1292.3072089979541,33.613692917888926,37818.378461503016,29.750795751971275,,,,8192,1024,0.0,True,,
benny-nvfp4-gguf-mtp2-gemini2,checkpoint-default,16,203.87311895887754,80,80,0,False,16,16,3030.86838049785,70.30729329569859,77225.61988750385,14.223383149020929,,,,8192,1024,0.0,True,,
benny-nvfp4-gguf-mtp2-gemini2,checkpoint-default,32,161.14575977652328,160,160,0,False,32,32,6836.48073450604,174.69897113587186,191871.98919199727,5.724142744671626,,,,8192,1024,0.0,True,,
benny-nvfp4-gguf-mtp2-gemini2,checkpoint-default,64,122.53783044262978,320,320,0,False,64,64,10358.669801003998,444.27253154741373,494362.96515449794,2.250871353738108,,,,8192,1024,0.0,True,,
benny-nvfp4-gguf-mtp2-gemini2,checkpoint-default,128,239.43180437918184,640,640,0,False,128,128,1455.973970994819,359.1946936065396,378349.3442544859,2.7840054930006923,,,,8192,1024,0.0,True,,
