source_id,source_kind,publication_status,rank_class,model_id,model_revision,runtime,profile,topology,mtp_tokens,input_tokens,target_output_tokens,concurrency,target_requests,completed_requests,duration_seconds,aggregate_output_tokens_per_second,median_ttft_ms,median_itl_ms,mean_effective_concurrency,queueing_observed,queueing_fraction,num_errors,expected_raw_artifact
foureyes-20260827-qwen-handoff,external_user_handoff,SEALED_PRIMARY_EXTERNAL,primary,Qwen/Qwen3.8-Flash-Next-FP8,bcd9f01ddc9cff2316eb84281bebcd5b058bddce,vLLM,fp8_tp4_ar,TP4,0,8192,1024,1,5,5,44.120125,116.046816,72.302,8.531,1.0,false,,0,data/raw/tp4/ar/fixed/c1.json
foureyes-20260827-qwen-handoff,external_user_handoff,SEALED_PRIMARY_EXTERNAL,primary,Qwen/Qwen3.8-Flash-Next-FP8,bcd9f01ddc9cff2316eb84281bebcd5b058bddce,vLLM,fp8_tp4_ar,TP4,0,8192,1024,2,10,10,51.238930,199.848046,100.807,9.919,2.0,false,,0,data/raw/tp4/ar/fixed/c2.json
foureyes-20260827-qwen-handoff,external_user_handoff,SEALED_PRIMARY_EXTERNAL,primary,Qwen/Qwen3.8-Flash-Next-FP8,bcd9f01ddc9cff2316eb84281bebcd5b058bddce,vLLM,fp8_tp4_ar,TP4,0,8192,1024,4,20,20,59.070414,346.704865,157.583,11.367,4.0,false,,0,data/raw/tp4/ar/fixed/c4.json
foureyes-20260827-qwen-handoff,external_user_handoff,SEALED_PRIMARY_EXTERNAL,primary,Qwen/Qwen3.8-Flash-Next-FP8,bcd9f01ddc9cff2316eb84281bebcd5b058bddce,vLLM,fp8_tp4_ar,TP4,0,8192,1024,8,40,40,74.515140,549.686949,211.512,14.353,8.0,false,,0,data/raw/tp4/ar/fixed/c8.json
foureyes-20260827-qwen-handoff,external_user_handoff,SEALED_PRIMARY_EXTERNAL,primary,Qwen/Qwen3.8-Flash-Next-FP8,bcd9f01ddc9cff2316eb84281bebcd5b058bddce,vLLM,fp8_tp4_ar,TP4,0,8192,1024,16,80,80,95.565516,857.212974,321.008,18.406,15.9,false,,0,data/raw/tp4/ar/fixed/c16.json
foureyes-20260827-qwen-handoff,external_user_handoff,SEALED_PRIMARY_EXTERNAL,primary,Qwen/Qwen3.8-Flash-Next-FP8,bcd9f01ddc9cff2316eb84281bebcd5b058bddce,vLLM,fp8_tp4_ar,TP4,0,8192,1024,32,160,160,127.812762,1281.875122,390.201,24.502,31.3,false,,0,data/raw/tp4/ar/fixed/c32.json
foureyes-20260827-qwen-handoff,external_user_handoff,SEALED_PRIMARY_EXTERNAL,primary,Qwen/Qwen3.8-Flash-Next-FP8,bcd9f01ddc9cff2316eb84281bebcd5b058bddce,vLLM,fp8_tp4_ar,TP4,0,8192,1024,64,320,320,173.455530,1889.129734,706.602,33.205,63.0,false,,0,data/raw/tp4/ar/fixed/c64.json
foureyes-20260827-qwen-handoff,external_user_handoff,SEALED_PRIMARY_EXTERNAL,primary,Qwen/Qwen3.8-Flash-Next-FP8,bcd9f01ddc9cff2316eb84281bebcd5b058bddce,vLLM,fp8_tp4_ar,TP4,0,8192,1024,128,640,640,249.712079,2624.462557,1242.239,47.610,125.7,true,,0,data/raw/tp4/ar/fixed/c128.json
foureyes-20260827-qwen-handoff,external_user_handoff,SEALED_PRIMARY_EXTERNAL,primary,Qwen/Qwen3.8-Flash-Next-FP8,bcd9f01ddc9cff2316eb84281bebcd5b058bddce,vLLM,fp8_tp4_mtp3,TP4,3,8192,1024,1,5,5,26.508543,193.145281,150.200,4.971,1.0,false,,0,data/raw/tp4/mtp3/fixed/c1.json
foureyes-20260827-qwen-handoff,external_user_handoff,SEALED_PRIMARY_EXTERNAL,primary,Qwen/Qwen3.8-Flash-Next-FP8,bcd9f01ddc9cff2316eb84281bebcd5b058bddce,vLLM,fp8_tp4_mtp3,TP4,3,8192,1024,2,10,10,33.598271,304.777587,181.501,6.214,1.9,false,,0,data/raw/tp4/mtp3/fixed/c2.json
foureyes-20260827-qwen-handoff,external_user_handoff,SEALED_PRIMARY_EXTERNAL,primary,Qwen/Qwen3.8-Flash-Next-FP8,bcd9f01ddc9cff2316eb84281bebcd5b058bddce,vLLM,fp8_tp4_mtp3,TP4,3,8192,1024,4,20,20,42.957662,476.748479,195.408,7.932,3.9,false,,0,data/raw/tp4/mtp3/fixed/c4.json
foureyes-20260827-qwen-handoff,external_user_handoff,SEALED_PRIMARY_EXTERNAL,primary,Qwen/Qwen3.8-Flash-Next-FP8,bcd9f01ddc9cff2316eb84281bebcd5b058bddce,vLLM,fp8_tp4_mtp3,TP4,3,8192,1024,8,40,40,58.393741,701.445037,221.022,10.990,7.8,false,,0,data/raw/tp4/mtp3/fixed/c8.json
foureyes-20260827-qwen-handoff,external_user_handoff,SEALED_PRIMARY_EXTERNAL,primary,Qwen/Qwen3.8-Flash-Next-FP8,bcd9f01ddc9cff2316eb84281bebcd5b058bddce,vLLM,fp8_tp4_mtp3,TP4,3,8192,1024,16,80,80,81.203790,1008.819909,269.748,15.304,15.5,true,,0,data/raw/tp4/mtp3/fixed/c16.json
foureyes-20260827-qwen-handoff,external_user_handoff,SEALED_PRIMARY_EXTERNAL,primary,Qwen/Qwen3.8-Flash-Next-FP8,bcd9f01ddc9cff2316eb84281bebcd5b058bddce,vLLM,fp8_tp4_mtp3,TP4,3,8192,1024,32,160,160,120.996978,1354.083405,439.725,22.674,30.8,true,,0,data/raw/tp4/mtp3/fixed/c32.json
foureyes-20260827-qwen-handoff,external_user_handoff,SEALED_PRIMARY_EXTERNAL,primary,Qwen/Qwen3.8-Flash-Next-FP8,bcd9f01ddc9cff2316eb84281bebcd5b058bddce,vLLM,fp8_tp4_mtp3,TP4,3,8192,1024,64,320,320,171.948841,1905.683101,651.911,32.461,61.5,true,,0,data/raw/tp4/mtp3/fixed/c64.json
foureyes-20260827-qwen-handoff,external_user_handoff,SEALED_PRIMARY_EXTERNAL,primary,Qwen/Qwen3.8-Flash-Next-FP8,bcd9f01ddc9cff2316eb84281bebcd5b058bddce,vLLM,fp8_tp4_mtp3,TP4,3,8192,1024,128,640,640,269.285495,2433.699598,1186.104,50.322,122.3,true,,0,data/raw/tp4/mtp3/fixed/c128.json
foureyes-20260827-qwen-handoff,external_user_handoff,SEALED_PRIMARY_EXTERNAL,primary,Qwen/Qwen3.8-Flash-Next-FP8,bcd9f01ddc9cff2316eb84281bebcd5b058bddce,vLLM,fp8_tep4_ar,TEP4,0,8192,1024,1,5,5,44.646209,114.679389,56.504,8.628,1.0,false,,0,data/raw/tep4/ar/fixed/c1.json
foureyes-20260827-qwen-handoff,external_user_handoff,SEALED_PRIMARY_EXTERNAL,primary,Qwen/Qwen3.8-Flash-Next-FP8,bcd9f01ddc9cff2316eb84281bebcd5b058bddce,vLLM,fp8_tep4_ar,TEP4,0,8192,1024,2,10,10,51.253404,199.791610,76.337,9.926,2.0,false,,0,data/raw/tep4/ar/fixed/c2.json
foureyes-20260827-qwen-handoff,external_user_handoff,SEALED_PRIMARY_EXTERNAL,primary,Qwen/Qwen3.8-Flash-Next-FP8,bcd9f01ddc9cff2316eb84281bebcd5b058bddce,vLLM,fp8_tep4_ar,TEP4,0,8192,1024,4,20,20,56.298025,363.778304,123.286,10.874,3.9,false,,0,data/raw/tep4/ar/fixed/c4.json
foureyes-20260827-qwen-handoff,external_user_handoff,SEALED_PRIMARY_EXTERNAL,primary,Qwen/Qwen3.8-Flash-Next-FP8,bcd9f01ddc9cff2316eb84281bebcd5b058bddce,vLLM,fp8_tep4_ar,TEP4,0,8192,1024,8,40,40,65.398915,626.310087,154.390,12.621,8.0,false,,0,data/raw/tep4/ar/fixed/c8.json
foureyes-20260827-qwen-handoff,external_user_handoff,SEALED_PRIMARY_EXTERNAL,primary,Qwen/Qwen3.8-Flash-Next-FP8,bcd9f01ddc9cff2316eb84281bebcd5b058bddce,vLLM,fp8_tep4_ar,TEP4,0,8192,1024,16,80,80,79.383834,1031.948144,232.754,15.182,15.8,false,,0,data/raw/tep4/ar/fixed/c16.json
foureyes-20260827-qwen-handoff,external_user_handoff,SEALED_PRIMARY_EXTERNAL,primary,Qwen/Qwen3.8-Flash-Next-FP8,bcd9f01ddc9cff2316eb84281bebcd5b058bddce,vLLM,fp8_tep4_ar,TEP4,0,8192,1024,32,160,160,97.436118,1681.511982,374.742,18.612,30.9,false,,0,data/raw/tep4/ar/fixed/c32.json
foureyes-20260827-qwen-handoff,external_user_handoff,SEALED_PRIMARY_EXTERNAL,primary,Qwen/Qwen3.8-Flash-Next-FP8,bcd9f01ddc9cff2316eb84281bebcd5b058bddce,vLLM,fp8_tep4_ar,TEP4,0,8192,1024,64,320,320,123.494885,2653.389249,544.903,23.620,63.1,false,,0,data/raw/tep4/ar/fixed/c64.json
foureyes-20260827-qwen-handoff,external_user_handoff,SEALED_PRIMARY_EXTERNAL,primary,Qwen/Qwen3.8-Flash-Next-FP8,bcd9f01ddc9cff2316eb84281bebcd5b058bddce,vLLM,fp8_tep4_ar,TEP4,0,8192,1024,128,640,640,178.624345,3668.928772,914.073,33.901,124.7,true,,0,data/raw/tep4/ar/fixed/c128.json
foureyes-20260827-qwen-handoff,external_user_handoff,SEALED_PRIMARY_EXTERNAL,primary,Qwen/Qwen3.8-Flash-Next-FP8,bcd9f01ddc9cff2316eb84281bebcd5b058bddce,vLLM,fp8_tep4_mtp3,TEP4,3,8192,1024,1,5,5,25.740375,198.909299,124.477,4.819,1.0,false,,0,data/raw/tep4/mtp3/fixed/c1.json
foureyes-20260827-qwen-handoff,external_user_handoff,SEALED_PRIMARY_EXTERNAL,primary,Qwen/Qwen3.8-Flash-Next-FP8,bcd9f01ddc9cff2316eb84281bebcd5b058bddce,vLLM,fp8_tep4_mtp3,TEP4,3,8192,1024,2,10,10,31.306195,327.091808,154.217,5.869,2.0,false,,0,data/raw/tep4/mtp3/fixed/c2.json
foureyes-20260827-qwen-handoff,external_user_handoff,SEALED_PRIMARY_EXTERNAL,primary,Qwen/Qwen3.8-Flash-Next-FP8,bcd9f01ddc9cff2316eb84281bebcd5b058bddce,vLLM,fp8_tep4_mtp3,TEP4,3,8192,1024,4,20,20,36.389431,562.800777,163.599,6.693,3.9,false,,0,data/raw/tep4/mtp3/fixed/c4.json
foureyes-20260827-qwen-handoff,external_user_handoff,SEALED_PRIMARY_EXTERNAL,primary,Qwen/Qwen3.8-Flash-Next-FP8,bcd9f01ddc9cff2316eb84281bebcd5b058bddce,vLLM,fp8_tep4_mtp3,TEP4,3,8192,1024,8,40,40,44.478381,920.896818,183.927,8.367,7.9,false,,0,data/raw/tep4/mtp3/fixed/c8.json
foureyes-20260827-qwen-handoff,external_user_handoff,SEALED_PRIMARY_EXTERNAL,primary,Qwen/Qwen3.8-Flash-Next-FP8,bcd9f01ddc9cff2316eb84281bebcd5b058bddce,vLLM,fp8_tep4_mtp3,TEP4,3,8192,1024,16,80,80,59.452898,1377.897497,282.914,11.147,15.6,true,,0,data/raw/tep4/mtp3/fixed/c16.json
foureyes-20260827-qwen-handoff,external_user_handoff,SEALED_PRIMARY_EXTERNAL,primary,Qwen/Qwen3.8-Flash-Next-FP8,bcd9f01ddc9cff2316eb84281bebcd5b058bddce,vLLM,fp8_tep4_mtp3,TEP4,3,8192,1024,32,160,160,87.618336,1869.928236,382.137,16.410,30.8,true,,0,data/raw/tep4/mtp3/fixed/c32.json
foureyes-20260827-qwen-handoff,external_user_handoff,SEALED_PRIMARY_EXTERNAL,primary,Qwen/Qwen3.8-Flash-Next-FP8,bcd9f01ddc9cff2316eb84281bebcd5b058bddce,vLLM,fp8_tep4_mtp3,TEP4,3,8192,1024,64,320,320,131.628571,2489.429137,551.727,24.483,61.4,true,,0,data/raw/tep4/mtp3/fixed/c64.json
foureyes-20260827-qwen-handoff,external_user_handoff,SEALED_PRIMARY_EXTERNAL,primary,Qwen/Qwen3.8-Flash-Next-FP8,bcd9f01ddc9cff2316eb84281bebcd5b058bddce,vLLM,fp8_tep4_mtp3,TEP4,3,8192,1024,128,640,640,215.263879,3044.449464,970.300,40.179,122.1,true,,0,data/raw/tep4/mtp3/fixed/c128.json
foureyes-20260827-qwen-handoff,external_user_handoff,SEALED_PRIMARY_EXTERNAL,primary,RadixArk/Qwen3.8-Flash-Next-NVFP4,7b719225242aacd3dbd3f9407468c2ee9a9d2594,SGLang,nvfp4_tep4_ar,TEP4,0,8192,1024,1,5,5,43.801108,116.892021,101.341,8.341,0.9,false,0.000,0,nvfp4/results-20260827-r2/tep4/ar/fixed/c1.json
foureyes-20260827-qwen-handoff,external_user_handoff,SEALED_PRIMARY_EXTERNAL,primary,RadixArk/Qwen3.8-Flash-Next-NVFP4,7b719225242aacd3dbd3f9407468c2ee9a9d2594,SGLang,nvfp4_tep4_ar,TEP4,0,8192,1024,2,10,10,45.866598,223.256146,168.243,8.770,1.9,false,0.000,0,nvfp4/results-20260827-r2/tep4/ar/fixed/c2.json
foureyes-20260827-qwen-handoff,external_user_handoff,SEALED_PRIMARY_EXTERNAL,primary,RadixArk/Qwen3.8-Flash-Next-NVFP4,7b719225242aacd3dbd3f9407468c2ee9a9d2594,SGLang,nvfp4_tep4_ar,TEP4,0,8192,1024,4,20,20,49.212907,416.150994,173.289,9.418,3.9,false,0.000,0,nvfp4/results-20260827-r2/tep4/ar/fixed/c4.json
foureyes-20260827-qwen-handoff,external_user_handoff,SEALED_PRIMARY_EXTERNAL,primary,RadixArk/Qwen3.8-Flash-Next-NVFP4,7b719225242aacd3dbd3f9407468c2ee9a9d2594,SGLang,nvfp4_tep4_ar,TEP4,0,8192,1024,8,40,40,54.597459,750.218064,292.841,10.371,7.7,false,0.000,0,nvfp4/results-20260827-r2/tep4/ar/fixed/c8.json
foureyes-20260827-qwen-handoff,external_user_handoff,SEALED_PRIMARY_EXTERNAL,primary,RadixArk/Qwen3.8-Flash-Next-NVFP4,7b719225242aacd3dbd3f9407468c2ee9a9d2594,SGLang,nvfp4_tep4_ar,TEP4,0,8192,1024,16,80,80,63.043693,1299.416259,404.202,11.874,15.4,false,0.000,0,nvfp4/results-20260827-r2/tep4/ar/fixed/c16.json
foureyes-20260827-qwen-handoff,external_user_handoff,SEALED_PRIMARY_EXTERNAL,primary,RadixArk/Qwen3.8-Flash-Next-NVFP4,7b719225242aacd3dbd3f9407468c2ee9a9d2594,SGLang,nvfp4_tep4_ar,TEP4,0,8192,1024,32,160,160,82.019216,1997.580658,779.458,15.244,31.2,false,0.000,0,nvfp4/results-20260827-r2/tep4/ar/fixed/c32.json
foureyes-20260827-qwen-handoff,external_user_handoff,SEALED_PRIMARY_EXTERNAL,primary,RadixArk/Qwen3.8-Flash-Next-NVFP4,7b719225242aacd3dbd3f9407468c2ee9a9d2594,SGLang,nvfp4_tep4_ar,TEP4,0,8192,1024,64,320,320,114.998313,2849.433100,1490.289,21.015,62.8,false,0.000,0,nvfp4/results-20260827-r2/tep4/ar/fixed/c64.json
foureyes-20260827-qwen-handoff,external_user_handoff,SEALED_PRIMARY_EXTERNAL,primary,RadixArk/Qwen3.8-Flash-Next-NVFP4,7b719225242aacd3dbd3f9407468c2ee9a9d2594,SGLang,nvfp4_tep4_ar,TEP4,0,8192,1024,128,640,640,188.509505,3476.535576,2935.268,33.980,127.6,false,0.000,0,nvfp4/results-20260827-r2/tep4/ar/fixed/c128.json
foureyes-20260827-qwen-handoff,external_user_handoff,SEALED_PRIMARY_EXTERNAL,primary,RadixArk/Qwen3.8-Flash-Next-NVFP4,7b719225242aacd3dbd3f9407468c2ee9a9d2594,SGLang,nvfp4_tep4_mtp3,TEP4,3,8192,1024,1,5,5,24.184305,211.707556,111.200,4.568,1.0,false,0.000,0,nvfp4/results-20260827-r2/tep4/mtp3/fixed/c1.json
foureyes-20260827-qwen-handoff,external_user_handoff,SEALED_PRIMARY_EXTERNAL,primary,RadixArk/Qwen3.8-Flash-Next-NVFP4,7b719225242aacd3dbd3f9407468c2ee9a9d2594,SGLang,nvfp4_tep4_mtp3,TEP4,3,8192,1024,2,10,10,25.990818,393.985297,120.897,4.789,1.9,false,0.000,0,nvfp4/results-20260827-r2/tep4/mtp3/fixed/c2.json
foureyes-20260827-qwen-handoff,external_user_handoff,SEALED_PRIMARY_EXTERNAL,primary,RadixArk/Qwen3.8-Flash-Next-NVFP4,7b719225242aacd3dbd3f9407468c2ee9a9d2594,SGLang,nvfp4_tep4_mtp3,TEP4,3,8192,1024,4,20,20,30.351897,674.751892,118.338,5.690,3.8,false,0.000,0,nvfp4/results-20260827-r2/tep4/mtp3/fixed/c4.json
foureyes-20260827-qwen-handoff,external_user_handoff,SEALED_PRIMARY_EXTERNAL,primary,RadixArk/Qwen3.8-Flash-Next-NVFP4,7b719225242aacd3dbd3f9407468c2ee9a9d2594,SGLang,nvfp4_tep4_mtp3,TEP4,3,8192,1024,8,40,40,39.046488,1049.006002,162.979,7.262,7.3,false,0.000,0,nvfp4/results-20260827-r2/tep4/mtp3/fixed/c8.json
foureyes-20260827-qwen-handoff,external_user_handoff,SEALED_PRIMARY_EXTERNAL,primary,RadixArk/Qwen3.8-Flash-Next-NVFP4,7b719225242aacd3dbd3f9407468c2ee9a9d2594,SGLang,nvfp4_tep4_mtp3,TEP4,3,8192,1024,16,80,80,53.747758,1524.156598,192.892,10.236,15.2,false,0.000,0,nvfp4/results-20260827-r2/tep4/mtp3/fixed/c16.json
foureyes-20260827-qwen-handoff,external_user_handoff,SEALED_PRIMARY_EXTERNAL,primary,RadixArk/Qwen3.8-Flash-Next-NVFP4,7b719225242aacd3dbd3f9407468c2ee9a9d2594,SGLang,nvfp4_tep4_mtp3,TEP4,3,8192,1024,32,160,160,87.703209,1868.118647,219.252,16.700,31.3,false,0.000,0,nvfp4/results-20260827-r2/tep4/mtp3/fixed/c32.json
foureyes-20260827-qwen-handoff,external_user_handoff,SEALED_PRIMARY_EXTERNAL,primary,RadixArk/Qwen3.8-Flash-Next-NVFP4,7b719225242aacd3dbd3f9407468c2ee9a9d2594,SGLang,nvfp4_tep4_mtp3,TEP4,3,8192,1024,64,320,320,137.806606,2377.825054,263.645,26.218,63.4,false,0.000,0,nvfp4/results-20260827-r2/tep4/mtp3/fixed/c64.json
foureyes-20260827-qwen-handoff,external_user_handoff,SEALED_PRIMARY_EXTERNAL,primary,RadixArk/Qwen3.8-Flash-Next-NVFP4,7b719225242aacd3dbd3f9407468c2ee9a9d2594,SGLang,nvfp4_tep4_mtp3,TEP4,3,8192,1024,128,640,640,260.710197,2513.749013,2895.765,38.461,95.7,true,0.917,0,nvfp4/results-20260827-r2/tep4/mtp3/fixed/c128.json
